average_precision,brier,cv_average_precision,cv_brier,cv_f1,cv_precision,cv_recall,f1,metric,precision,recall,threshold
0.6717076975800884,0.24664910446083116,,,,,,0.8577464788732394,ngram,0.750924784217016,1.0,0.5
0.7584178711444529,0.730006790478118,,,,,,0.022690437601296597,nli,0.875,0.011494252873563218,0.5
0.7388336823409505,0.7422361096808782,,,,,,0.0,bertscore,0.0,0.0,0.5
0.7578119448073293,0.6374845869297164,,,,,,0.32944228274967574,prompt,0.7839506172839507,0.20853858784893267,0.5
0.6939806041423119,0.18728727822632626,0.6974898795636413,0.18732663597290916,0.8577457629042495,0.7509278194349769,1.0,0.8577464788732394,combined,0.750924784217016,1.0,0.5
