{
  "ngram": 0.9914893982833158,
  "nli": 0.0032570284747635014,
  "bertscore": 0.0031267553567886353,
  "prompt": 0.975
}