average_precision,brier,cv_average_precision,cv_brier,cv_f1,cv_precision,cv_recall,f1,metric,precision,recall,threshold
0.6755573087230764,0.24665967632742206,,,,,,0.8577464788732394,ngram,0.750924784217016,1.0,0.5
0.7478430898418963,0.7346323675274624,,,,,,0.013008130081300813,nli,0.6666666666666666,0.006568144499178982,0.5
0.7316651988643263,0.7423006655495263,,,,,,0.0,bertscore,0.0,0.0,0.5
0.7588731255830625,0.6436498150431565,,,,,,0.3113456464379947,prompt,0.7919463087248322,0.19376026272577998,0.5
0.6852786414249974,0.18750554901412864,0.6902832948621456,0.1875293567936996,0.8577457629042495,0.7509278194349769,1.0,0.8577464788732394,combined,0.750924784217016,1.0,0.5
