average_precision,brier,cv_average_precision,cv_brier,cv_f1,cv_precision,cv_recall,f1,metric,precision,recall,threshold
0.8137365295727563,0.2649859306083965,,,,,,0.8551236749116607,ngram,0.75625,0.983739837398374,0.9914893982833158
0.8679521559531843,0.4666773782422734,,,,,,0.852112676056338,nli,0.7515527950310559,0.983739837398374,0.003257028479129076
0.7333607035616698,0.7240002784317431,,,,,,0.8501742160278746,bertscore,0.7439024390243902,0.991869918699187,0.0031267553567886353
0.7542351644721694,0.26260416666666664,,,,,,0.851063829787234,prompt,0.7547169811320755,0.975609756097561,0.975
0.8710441638215225,0.18930313175053642,0.8794246903680618,0.18946558671652663,0.8453166815343444,0.7320855614973263,1.0,0.8591549295774648,combined,0.7577639751552795,0.991869918699187,0.708389937877655
