{
  "ngram": 0.9914893982833158,
  "nli": 0.003257028479129076,
  "bertscore": 0.0031267553567886353,
  "prompt": 0.975
}